settlement_id,settlement_name,name_primary,local_level,local_level_pcode,local_level_type,district,lon,lat,selection_method,locality_class,overture_locality_id,osm_record,buildings_in_window,buildings_osm,buildings_google,buildings_microsoft,nearest_named_water,nearest_named_water_m,nearest_river_line_m,channels_mapped_in_context,buildings_within_100m_of_channel,median_building_hand_m,dem_tiles,first_scene_date,latest_scene_date,epochs_with_imagery,buildings_le_2m,share_le_2m,zone_area_le_2m_ha,buildings_le_5m,share_le_5m,zone_area_le_5m_ha,buildings_le_10m,share_le_10m,zone_area_le_10m_ha,ghsl_built_ha_1975,ghsl_built_in_10m_zone_ha_1975,ghsl_built_ha_1980,ghsl_built_in_10m_zone_ha_1980,ghsl_built_ha_1985,ghsl_built_in_10m_zone_ha_1985,ghsl_built_ha_1990,ghsl_built_in_10m_zone_ha_1990,ghsl_built_ha_1995,ghsl_built_in_10m_zone_ha_1995,ghsl_built_ha_2000,ghsl_built_in_10m_zone_ha_2000,ghsl_built_ha_2005,ghsl_built_in_10m_zone_ha_2005,ghsl_built_ha_2010,ghsl_built_in_10m_zone_ha_2010,ghsl_built_ha_2015,ghsl_built_in_10m_zone_ha_2015,ghsl_built_ha_2020,ghsl_built_in_10m_zone_ha_2020,exposure_rank_buildings_le_5m,ghsl_change_in_10m_zone_ha_1975_2020,ghsl_change_window_ha_1975_2020
KAR-SET-001,Radi Jyula,राडी ज्यूला,Aathabisakot,NP0652301,urban municipality,Rukum West,82.351037,28.790599,named_locality_max_buildings,village,6684f880-2564-4118-832d-a4f816b4e0e8,n12373542472@1,2854,1636,874,344,भेरी खोला,277.0,249.0,True,707,150.4,Copernicus_DSM_COG_10_N28_00_E082_00_DEM,1972-12-17,2026-01-17,11,59,0.021,73.8,144,0.05,94.2,384,0.135,131.8,5.1,0.46,5.53,0.55,6.01,0.66,6.6,0.79,7.27,0.82,8.58,0.95,10.18,1.22,12.8,1.82,16.28,2.49,21.07,3.24,12,2.78,15.97
KAR-SET-002,Chaupha Bazar,Chaupha Bazar,Chaurjahari,NP0652302,urban municipality,Rukum West,82.278706,28.619506,named_locality_max_buildings,village,63052d0e-f52a-4991-ac2a-e8384e107e38,n6582148412@3,2528,1374,787,367,Jahari Khola,58.0,58.0,True,651,87.7,Copernicus_DSM_COG_10_N28_00_E082_00_DEM,1972-12-17,2026-01-17,11,104,0.041,76.6,220,0.087,121.2,357,0.141,170.9,6.68,1.43,6.96,1.45,7.44,1.47,8.16,1.51,8.77,1.63,10.23,1.81,12.11,2.03,14.68,2.39,18.36,2.88,22.9,3.28,5,1.85,16.22
KAR-SET-003,Musikot,मुसिकोट,Musikot,NP0652303,urban municipality,Rukum West,82.455626,28.62923,named_locality_max_buildings,town,8c81b32a-45d4-4a5a-9de5-30f1209e748a,n3385201358@9,5381,3829,990,562,Kaildeu Khola,2765.0,2236.0,True,209,383.4,Copernicus_DSM_COG_10_N28_00_E082_00_DEM,1972-12-17,2026-01-17,11,17,0.003,28.3,23,0.004,34.8,44,0.008,46.3,15.6,0.17,16.29,0.18,17.24,0.2,18.54,0.22,20.32,0.25,23.15,0.28,25.98,0.34,29.54,0.41,33.82,0.46,38.68,0.53,40,0.36,23.08
KAR-SET-004,Simli,सिम्ली,Sanibheri,NP0652401,rural municipality,Rukum West,82.353185,28.65534,named_locality_max_buildings,village,c449d993-2851-47aa-ab37-dfb2751325d2,n11358338338@1,3008,1788,970,250,unknown,,400.0,True,493,205.7,Copernicus_DSM_COG_10_N28_00_E082_00_DEM,1972-12-17,2026-01-17,11,41,0.014,89.9,136,0.045,123.4,223,0.074,148.1,4.41,0.51,4.72,0.53,5.19,0.55,6.03,0.59,6.89,0.69,8.53,0.84,10.69,0.99,14.39,1.24,19.27,1.58,26.64,2.08,13,1.57,22.23
KAR-SET-005,area near Taligaun,तालिगाउँ,Banphikot,NP0652402,rural municipality,Rukum West,82.444537,28.707535,densest_building_cluster_nearest_name,hamlet,2b9a3de1-58d5-4f28-bae3-3a2b8e9f004c,n11358352608@1,3476,1882,1197,397,unknown,,2798.0,True,239,290.8,Copernicus_DSM_COG_10_N28_00_E082_00_DEM,1972-12-17,2026-01-17,11,7,0.002,50.5,12,0.003,57.8,27,0.008,75.1,12.31,0.23,12.98,0.24,13.78,0.26,14.86,0.29,15.23,0.29,16.02,0.29,16.93,0.3,18.33,0.33,20.03,0.38,22.74,0.49,53,0.26,10.43
KAR-SET-006,Simruth,Simruth,Tribeni,NP0652403,rural municipality,Rukum West,82.433365,28.576239,named_locality_max_buildings,village,3b986e40-1993-40eb-9cb2-2aa2d70a87d0,n3385204942@2,2999,1737,975,287,Muru Khola,44.0,77.0,True,487,235.6,Copernicus_DSM_COG_10_N28_00_E082_00_DEM,1972-12-17,2026-01-17,11,95,0.032,53.2,169,0.056,67.2,228,0.076,88.2,5.9,0.1,6.14,0.11,6.51,0.11,6.97,0.12,7.39,0.13,8.46,0.18,10.25,0.25,13.73,0.45,18.6,0.73,26.03,1.42,10,1.32,20.13
KAR-SET-007,Devsthal,Devsthal,Banagad Kupinde,NP0653301,urban municipality,Salyan,82.028242,28.514083,named_locality_max_buildings,village,5e859640-3b88-4e19-a838-89a26752d030,n3385201355@1,1910,1490,230,190,Bheri River,249.0,215.0,True,353,26.8,Copernicus_DSM_COG_10_N28_00_E082_00_DEM;Copernicus_DSM_COG_10_N28_00_E081_00_DEM,1972-12-17,2026-03-03,11,38,0.02,173.2,79,0.041,228.5,156,0.082,309.2,6.81,0.69,7.22,0.74,7.74,0.83,8.68,1.05,8.92,1.07,9.85,1.19,10.7,1.33,12.17,1.6,13.67,1.87,15.76,2.39,22,1.7,8.95
KAR-SET-008,Tharmare,Tharmare,Bagachour,NP0653302,urban municipality,Salyan,82.280482,28.450875,named_locality_max_buildings,village,c1fd6495-01aa-4fa0-8ce6-a90d6b88b0d8,n4618002059@2,2300,1661,283,356,Sarda Khola,579.0,579.0,True,358,108.1,Copernicus_DSM_COG_10_N28_00_E082_00_DEM,1972-12-17,2026-01-17,11,18,0.008,68.8,38,0.017,88.3,71,0.031,128.4,15.86,0.35,16.44,0.38,17.37,0.43,18.33,0.49,18.77,0.5,19.39,0.53,21.3,0.59,23.95,0.7,27.3,0.91,31.16,1.23,30,0.88,15.3
KAR-SET-009,Salyan Khalanga,सल्यान खलङ्गा,Sharada,NP0653303,urban municipality,Salyan,82.161624,28.376621,named_locality_max_buildings,town,07c6ceac-7fe3-4eb9-9dc8-789481b3dd6b,n3386117460@4,2802,1824,730,248,Sarda Khola,3012.0,3012.0,True,104,269.7,Copernicus_DSM_COG_10_N28_00_E082_00_DEM,1972-12-17,2026-01-17,11,13,0.005,60.6,22,0.008,78.9,30,0.011,100.9,16.17,0.24,16.72,0.26,17.6,0.28,19.03,0.29,19.59,0.3,20.27,0.31,20.97,0.32,21.9,0.34,23.19,0.38,24.45,0.41,41,0.17,8.28
KAR-SET-010,Kumakh rural municipality office area,Kumakh rural municipality office area,Kumakh,NP0653401,rural municipality,Salyan,82.198712,28.572252,named_locality_max_buildings,village,6ced8267-5ea0-4e15-89b8-df95f3b67c72,n6582148408@1,1887,997,734,156,Marma Khola,127.0,127.0,True,685,44.3,Copernicus_DSM_COG_10_N28_00_E082_00_DEM,1972-12-17,2026-01-17,11,148,0.078,102.4,205,0.109,139.8,313,0.166,186.4,9.11,1.37,9.29,1.4,9.62,1.47,10.17,1.64,10.61,1.83,11.15,2.05,11.76,2.16,12.71,2.38,13.68,2.59,14.97,2.77,8,1.4,5.86
KAR-SET-011,Pharulachaur,फारुलाचौर,Darma,NP0653402,rural municipality,Salyan,82.292503,28.563608,named_locality_max_buildings,hamlet,9dbee07c-6ad0-4ec6-a325-0e9aa18f53e8,n10679914433@1,2729,1402,907,420,Jahari Khola,226.0,226.0,True,547,88.9,Copernicus_DSM_COG_10_N28_00_E082_00_DEM,1972-12-17,2026-01-17,11,38,0.014,69.3,63,0.023,96.3,111,0.041,135.8,7.02,0.6,7.19,0.61,7.44,0.62,7.85,0.64,8.2,0.65,8.97,0.69,10.51,0.83,12.83,1.05,16.23,1.39,20.78,1.78,23,1.18,13.76
KAR-SET-012,area near Gurudase gaun,Gurudase gaun,Siddha Kumakh,NP0653403,rural municipality,Salyan,82.157463,28.495626,densest_building_cluster_nearest_name,village,4a3e9b2e-8d0c-42dc-a090-33f8ebc8d2f9,n6582148398@1,1343,618,661,64,unknown,,,True,56,220.2,Copernicus_DSM_COG_10_N28_00_E082_00_DEM,1972-12-17,2026-01-17,11,9,0.007,28.9,10,0.007,33.6,12,0.009,46.4,4.15,0.02,4.58,0.02,5.28,0.02,6.16,0.02,6.37,0.03,6.67,0.03,7.2,0.04,7.98,0.04,9.09,0.06,10.34,0.06,58,0.04,6.19
KAR-SET-013,area near Bijeneta,Bijeneta,Kalimati,NP0653404,rural municipality,Salyan,82.049338,28.286145,densest_building_cluster_nearest_name,hamlet,3019a069-7800-47c3-bec2-18d2281cc22b,n9619831206@1,1593,879,310,404,सारदा खोला,389.0,389.0,True,238,36.9,Copernicus_DSM_COG_10_N28_00_E082_00_DEM,1972-12-17,2026-03-03,11,28,0.018,86.7,94,0.059,135.7,240,0.151,198.4,6.52,1.42,6.82,1.49,7.29,1.56,8.05,1.68,8.35,1.74,8.89,1.86,10.03,2.14,11.85,2.62,14.33,3.02,17.4,3.47,20,2.05,10.88
KAR-SET-014,area near Shankhamool,शंखमूल,Chhatreshwori,NP0653405,rural municipality,Salyan,82.228069,28.330334,densest_building_cluster_nearest_name,village,f9f4453d-5b0d-4336-8308-5814b95e4016,n3040453311@4,1732,1262,264,206,Sarda Khola,345.0,345.0,True,310,26.9,Copernicus_DSM_COG_10_N28_00_E082_00_DEM,1972-12-17,2026-01-17,11,72,0.042,110.4,207,0.12,171.2,490,0.283,223.3,9.14,2.12,9.72,2.37,10.38,2.62,11.46,2.98,11.74,3.14,12.07,3.29,13.08,3.69,14.33,4.19,16.16,4.68,17.43,4.93,7,2.81,8.29
KAR-SET-015,Luham,लुहाम,Tribeni,NP0653406,rural municipality,Salyan,82.260219,28.295549,named_locality_max_buildings,town,99823c73-282c-4044-88a9-33488869f103,n3386116339@2,2046,1604,275,167,Sarda Khola,349.0,309.0,True,345,46.6,Copernicus_DSM_COG_10_N28_00_E082_00_DEM,1972-12-17,2026-01-17,11,52,0.025,91.5,124,0.061,129.8,276,0.135,172.4,11.95,2.08,12.48,2.25,13.11,2.44,13.76,2.63,14.21,2.73,14.86,2.85,15.89,3.01,17.25,3.23,19.46,3.68,21.32,3.92,15,1.84,9.37
KAR-SET-016,Okharpata,ओखरपाटा,Kapurkot,NP0653407,rural municipality,Salyan,82.359135,28.266711,named_locality_max_buildings,hamlet,62a45997-f1b1-42c4-a66d-10f5fdd3c1a4,n10928038511@1,1329,971,150,208,unknown,,,True,36,299.4,Copernicus_DSM_COG_10_N28_00_E082_00_DEM,1972-12-17,2026-01-17,11,3,0.002,28.7,6,0.005,36.4,11,0.008,49.7,7.59,0.03,8.04,0.03,8.57,0.04,9.18,0.04,9.34,0.04,9.65,0.05,10.37,0.05,11.51,0.05,12.93,0.07,14.63,0.14,65,0.11,7.04
KAR-SET-017,area near Tallo Tanti,Tallo Tanti,Panchapuri,NP0659301,urban municipality,Surkhet,81.387311,28.793093,densest_building_cluster_nearest_name,hamlet,f09fe0a3-e86c-44ad-b0aa-d82afa5db271,n11981065845@1,3441,2793,522,126,Bheri River,4068.0,4030.0,True,204,59.8,Copernicus_DSM_COG_10_N28_00_E081_00_DEM,1972-11-11,2026-03-03,11,15,0.004,42.9,36,0.01,63.9,102,0.03,102.6,11.82,0.23,12.58,0.24,13.59,0.26,14.89,0.34,15.1,0.36,15.4,0.39,16.82,0.44,19.01,0.57,21.63,0.68,24.84,0.89,31,0.66,13.02
KAR-SET-018,Chhinchu,छिन्चु,Bheriganga,NP0659302,urban municipality,Surkhet,81.718766,28.459196,named_locality_max_buildings,village,1163624d-cf6c-4127-b9e4-7b81dd2a1a98,n3385326234@4,3341,2649,495,197,Hattikahal,523.0,279.0,True,362,19.2,Copernicus_DSM_COG_10_N28_00_E081_00_DEM,1972-12-17,2026-03-03,11,65,0.019,108.9,306,0.092,210.1,668,0.2,384.6,12.89,2.26,13.42,2.38,14.04,2.56,14.89,2.75,15.73,3.05,17.3,3.64,19.43,4.02,22.37,4.91,25.42,5.61,27.62,6.37,4,4.11,14.73
KAR-SET-019,Birendra Chok,Birendra Chok,Birendranagar,NP0659303,urban municipality,Surkhet,81.614954,28.596792,named_locality_max_buildings,hamlet,e15ed016-00ea-451d-a424-91153c139840,n2202987370@4,19949,15811,3673,465,Khorke Khola,309.0,6497.0,True,4004,20.0,Copernicus_DSM_COG_10_N28_00_E081_00_DEM,1972-12-17,2026-03-03,11,1679,0.084,154.1,3465,0.174,277.6,5730,0.287,437.5,41.19,6.22,45.74,7.89,53.34,10.92,62.06,14.12,72.21,16.1,86.18,18.8,125.48,28.88,177.58,43.68,230.79,57.65,239.17,59.24,1,53.02,197.98
KAR-SET-020,Mathillo Ratmate,Mathillo Ratmate,Lekabeshi,NP0659304,urban municipality,Surkhet,81.804817,28.4683,named_locality_max_buildings,hamlet,f8e16d76-0833-4b23-b2c4-90d9042611a9,n9694110456@1,4706,3381,1268,57,Bheri River,1649.0,1070.0,True,553,72.3,Copernicus_DSM_COG_10_N28_00_E081_00_DEM,1972-12-17,2026-03-03,11,149,0.032,164.8,214,0.045,215.5,301,0.064,289.4,24.84,1.91,25.1,1.95,25.46,2.02,26.11,2.09,26.45,2.15,26.9,2.23,28.16,2.31,30.02,2.49,32.37,2.67,34.84,2.92,6,1.01,10.0
KAR-SET-021,Mehelkuna Bajar,मेहेलकुना बजार,Gurbhakot,NP0659305,urban municipality,Surkhet,81.854521,28.43824,named_locality_max_buildings,hamlet,6d718c70-5935-4649-831b-9eebf97685b5,n9689911017@2,4987,3669,1221,97,Bheri River,282.0,195.0,True,739,25.3,Copernicus_DSM_COG_10_N28_00_E081_00_DEM,1973-02-09,2026-03-03,11,59,0.012,170.2,135,0.027,220.1,392,0.079,327.3,18.73,1.63,19.38,1.76,20.4,2.01,21.99,2.26,22.52,2.34,23.47,2.54,24.4,2.64,25.62,2.79,26.8,2.95,28.25,3.24,14,1.61,9.52
KAR-SET-022,Motisera Bajar,Motisera Bajar,Chaukune,NP0659401,rural municipality,Surkhet,81.322017,28.837962,named_locality_max_buildings,hamlet,f1526848-f99d-4207-9758-69c517effd81,n11980173295@1,2401,1650,456,295,unknown,,1923.0,True,407,31.7,Copernicus_DSM_COG_10_N28_00_E081_00_DEM,1972-11-11,2026-03-03,11,67,0.028,107.9,145,0.06,168.6,261,0.109,255.0,5.23,0.22,5.56,0.23,5.98,0.26,6.7,0.37,7.09,0.45,7.69,0.6,9.23,0.86,12.06,1.31,16.1,1.92,21.11,2.95,11,2.73,15.88
KAR-SET-023,Baddichaur,Baddichaur,Barahatal,NP0659402,rural municipality,Surkhet,81.505161,28.71474,named_locality_max_buildings,village,feab67b7-713c-46dc-9047-56a5454aa822,n10779563208@1,2106,1554,458,94,Bheri River,7207.0,579.0,True,39,67.3,Copernicus_DSM_COG_10_N28_00_E081_00_DEM,1972-11-30,2026-03-03,11,6,0.003,49.6,9,0.004,68.4,18,0.009,90.8,1.4,0.03,1.55,0.04,1.71,0.05,1.9,0.06,1.95,0.07,2.18,0.07,2.96,0.11,4.54,0.17,6.8,0.22,9.97,0.3,61,0.27,8.57
KAR-SET-024,Chingad,Chingad,Chingad,NP0659403,rural municipality,Surkhet,81.838618,28.627858,named_locality_max_buildings,unknown,531691a0-1783-45de-8bfe-047862e69409,r10488777@5,907,214,629,64,Bheri River,17177.0,1871.0,True,69,240.2,Copernicus_DSM_COG_10_N28_00_E081_00_DEM,1972-12-17,2026-03-03,11,11,0.012,39.1,16,0.018,47.2,21,0.023,64.3,2.62,0.05,2.83,0.06,3.09,0.06,3.47,0.07,3.58,0.08,3.7,0.08,4.16,0.08,4.98,0.09,6.04,0.1,7.4,0.13,48,0.08,4.78
KAR-SET-025,area near Devsthal,Devsthal,Simta,NP0659404,rural municipality,Surkhet,82.021079,28.520892,densest_building_cluster_nearest_name,village,5e859640-3b88-4e19-a838-89a26752d030,n3385201355@1,1964,1560,212,192,Bheri River,435.0,381.0,True,330,28.1,Copernicus_DSM_COG_10_N28_00_E082_00_DEM;Copernicus_DSM_COG_10_N28_00_E081_00_DEM,1972-12-17,2026-03-03,11,36,0.018,156.2,87,0.044,215.0,162,0.082,295.5,7.29,0.64,7.65,0.68,8.08,0.74,8.82,0.84,9.09,0.89,9.97,1.04,10.8,1.17,12.34,1.43,13.91,1.73,16.25,2.25,21,1.61,8.96
KAR-SET-026,area near Rajikot,Rajikot,Chhedagad,NP0660301,urban municipality,Jajarkot,82.048368,28.755486,densest_building_cluster_nearest_name,hamlet,f4070af6-7c08-49f0-b749-02fec0f59755,n11331427824@1,1617,1175,334,108,unknown,,929.0,True,246,340.2,Copernicus_DSM_COG_10_N28_00_E082_00_DEM,1972-12-17,2026-03-03,11,9,0.006,47.0,18,0.011,54.3,56,0.035,74.0,7.16,0.07,7.4,0.08,7.76,0.09,8.17,0.1,8.51,0.11,8.95,0.11,9.33,0.15,10.03,0.26,10.79,0.33,11.85,0.39,45,0.32,4.69
KAR-SET-027,Jajarkot,जाजरकोट,Bheri Malika,NP0660302,urban municipality,Jajarkot,82.198257,28.698212,named_locality_max_buildings,town,d53d50a8-acca-4455-8df6-b877b9956e87,n3385201356@7,2145,1395,576,174,Jahari Khola,2498.0,1507.0,True,182,237.8,Copernicus_DSM_COG_10_N28_00_E082_00_DEM,1972-12-17,2026-01-17,11,17,0.008,120.3,25,0.012,149.8,46,0.021,182.9,7.55,0.52,8.1,0.55,8.89,0.58,9.89,0.62,10.92,0.63,12.84,0.71,14.22,0.73,15.99,0.78,18.18,0.88,19.87,0.96,36,0.44,12.32
KAR-SET-028,Dalli,दल्ली,Nalgad,NP0660303,urban municipality,Jajarkot,82.301498,28.79123,named_locality_max_buildings,village,0a7a7a1b-5f31-4e67-a07f-0000a4b6b594,n13318774774@1,2503,1637,666,200,शाहीकुरी गाड,204.0,204.0,True,660,101.0,Copernicus_DSM_COG_10_N28_00_E082_00_DEM,1972-12-17,2026-01-17,11,37,0.015,78.6,105,0.042,99.6,212,0.085,138.6,10.19,1.03,10.88,1.13,12.22,1.34,13.52,1.58,14.72,1.69,16.78,1.92,17.72,2.09,19.31,2.4,21.19,2.7,23.32,2.96,18,1.93,13.13
KAR-SET-029,Karki Gaau,Karki Gaau,Junichande,NP0660401,rural municipality,Jajarkot,81.936293,28.802949,named_locality_max_buildings,hamlet,041f0b7f-d73d-4bfb-b2c8-ec6f7e95c039,n11104637694@1,1172,983,84,105,unknown,,1908.0,True,120,276.1,Copernicus_DSM_COG_10_N28_00_E081_00_DEM,1972-12-17,2026-03-03,11,2,0.002,51.4,11,0.009,59.4,21,0.018,76.2,6.07,0.08,6.24,0.09,6.5,0.09,6.84,0.09,7.31,0.09,8.03,0.1,8.73,0.11,9.88,0.14,12.17,0.21,14.56,0.31,56,0.23,8.49
KAR-SET-030,Damdala,Damdala,Kuse,NP0660402,rural municipality,Jajarkot,82.166387,28.798648,named_locality_max_buildings,hamlet,3c3fdc3c-3505-4c16-b843-d2b04604cdfc,n11331441507@1,912,521,324,67,unknown,,1667.0,True,358,148.1,Copernicus_DSM_COG_10_N28_00_E082_00_DEM,1972-12-17,2026-01-17,11,22,0.024,40.2,49,0.054,49.1,108,0.118,68.4,0.76,0.14,0.9,0.16,1.1,0.18,1.29,0.19,1.44,0.23,1.82,0.3,2.2,0.36,2.73,0.44,3.81,0.58,5.23,0.83,26,0.69,4.47
KAR-SET-031,सिर्पचौर बस्ती,सिर्पचौर बस्ती,Barekot,NP0660403,rural municipality,Jajarkot,82.25149,28.920506,named_locality_max_buildings,hamlet,c6dedcbf-3d31-47a8-991c-4c9af1d9dc9b,n13321516564@1,1204,892,270,42,शाहीकुरी गाड,2293.0,2293.0,True,175,152.8,Copernicus_DSM_COG_10_N28_00_E082_00_DEM,1972-12-17,2025-10-14,11,33,0.027,27.8,51,0.042,35.9,85,0.071,49.8,1.48,0.11,1.66,0.12,1.91,0.12,2.14,0.12,2.29,0.12,2.51,0.13,3.08,0.17,4.01,0.24,5.44,0.36,7.79,0.44,25,0.33,6.31
KAR-SET-032,area near Shiwalaya,Shiwalaya,Shivalaya,NP0660404,rural municipality,Jajarkot,82.015339,28.659594,densest_building_cluster_nearest_name,unknown,fa1c660b-1ac8-4ebe-bf1c-fd1ac9b531dd,r10490850@4,555,385,141,29,Bheri River,2443.0,263.0,True,139,180.1,Copernicus_DSM_COG_10_N28_00_E082_00_DEM;Copernicus_DSM_COG_10_N28_00_E081_00_DEM,1972-12-17,2026-03-03,11,30,0.054,69.8,34,0.061,79.7,49,0.088,95.8,2.44,0.25,2.63,0.28,2.91,0.3,3.48,0.34,3.54,0.35,3.65,0.35,3.95,0.39,4.35,0.45,4.8,0.49,5.32,0.57,32,0.32,2.88
KAR-SET-033,Rakam,Rakam,Aathbis,NP0661301,urban municipality,Dailekh,81.456672,29.054242,named_locality_max_buildings,town,356b90f3-d80b-4259-a0a3-537913b7bf48,n11113728308@1,1634,1036,442,156,कर्णाली,708.0,642.0,True,315,41.2,Copernicus_DSM_COG_10_N29_00_E081_00_DEM,1972-11-30,2026-04-22,11,45,0.028,208.4,124,0.076,279.9,268,0.164,312.4,1.71,0.21,1.91,0.24,2.39,0.28,3.14,0.36,3.25,0.37,3.57,0.39,4.5,0.58,5.84,0.82,7.66,1.37,10.0,1.87,15,1.66,8.29
KAR-SET-034,Sallako Rukhgaun,Sallako Rukhgaun,Chamunda Bindrasaini,NP0661302,urban municipality,Dailekh,81.545511,28.941327,named_locality_max_buildings,hamlet,9c1e755b-96d4-41ba-94b6-2bb563320708,n9689919832@1,2758,2432,301,25,कर्णाली,6720.0,1063.0,True,143,260.3,Copernicus_DSM_COG_10_N28_00_E081_00_DEM,1972-11-30,2026-04-22,11,12,0.004,52.9,17,0.006,60.1,30,0.011,81.3,3.11,0.05,3.49,0.05,4.09,0.06,4.79,0.07,4.92,0.07,5.13,0.08,5.92,0.09,7.0,0.09,8.87,0.11,11.8,0.14,47,0.09,8.69
KAR-SET-035,Saunbada,Saunbada,Dullu,NP0661303,urban municipality,Dailekh,81.609194,28.867206,named_locality_max_buildings,hamlet,7c541929-e22b-4067-84f7-10edf5de4d46,n9687196203@1,2488,1525,765,198,कर्णाली,7487.0,2092.0,True,65,264.8,Copernicus_DSM_COG_10_N28_00_E081_00_DEM,1972-11-30,2026-04-22,11,3,0.001,42.2,6,0.002,50.5,13,0.005,74.8,10.09,0.05,10.57,0.05,11.23,0.05,11.98,0.07,12.58,0.07,13.73,0.08,15.13,0.09,16.85,0.1,19.1,0.11,21.34,0.15,65,0.1,11.25
KAR-SET-036,Bhurti,Bhurti,Narayan,NP0661304,urban municipality,Dailekh,81.717516,28.855053,named_locality_max_buildings,hamlet,33617670-bc73-4f5a-901e-7d3d6b06dca8,n9692815728@2,3679,2643,620,416,lohory khola,172.0,172.0,True,116,270.4,Copernicus_DSM_COG_10_N28_00_E081_00_DEM,1973-02-09,2026-04-22,11,4,0.001,37.5,8,0.002,46.1,19,0.005,67.4,13.41,0.07,14.18,0.09,15.31,0.1,16.59,0.12,18.07,0.13,20.03,0.17,22.68,0.19,26.06,0.23,30.62,0.28,36.04,0.36,64,0.29,22.63
KAR-SET-037,area near Thantikandh,Thantikandh,Thantikandh,NP0661401,rural municipality,Dailekh,81.515853,28.983825,densest_building_cluster_nearest_name,unknown,8067c03f-23f0-4ae0-9f45-ec47ea514f56,r11020318@6,2354,1696,364,294,कर्णाली,7531.0,3306.0,True,229,209.3,Copernicus_DSM_COG_10_N29_00_E081_00_DEM;Copernicus_DSM_COG_10_N28_00_E081_00_DEM,1972-11-30,2026-04-22,11,4,0.002,61.2,6,0.003,71.1,11,0.005,93.7,3.59,0.06,3.81,0.06,4.23,0.06,4.66,0.07,4.73,0.07,4.87,0.07,6.0,0.09,8.03,0.13,11.11,0.18,14.86,0.24,65,0.18,11.27
KAR-SET-038,area near Bhairabi,Bhairabi,Bhairabi,NP0661402,rural municipality,Dailekh,81.627123,28.931806,densest_building_cluster_nearest_name,unknown,632f328d-24ee-46d3-9681-20992b41364f,r11020316@7,1606,1076,406,124,Lohare Nadi,15237.0,1840.0,True,99,195.2,Copernicus_DSM_COG_10_N28_00_E081_00_DEM,1972-11-30,2026-04-22,11,9,0.006,72.1,21,0.013,92.1,27,0.017,127.4,4.22,0.02,4.36,0.03,4.58,0.03,4.85,0.03,5.0,0.04,5.34,0.05,5.7,0.06,6.27,0.06,6.98,0.07,8.1,0.08,43,0.06,3.88
KAR-SET-039,area near Syalakatiya,Syalakatiya,Mahabu,NP0661403,rural municipality,Dailekh,81.69767,28.884008,densest_building_cluster_nearest_name,hamlet,bbdc6e5b-23e6-4129-a867-398a2748ea0d,n9692815743@2,1701,1107,390,204,Lohare Nadi,6588.0,1457.0,True,30,261.1,Copernicus_DSM_COG_10_N28_00_E081_00_DEM,1973-01-05,2026-04-22,11,8,0.005,42.9,15,0.009,55.2,19,0.011,76.9,8.53,0.03,8.75,0.04,9.08,0.04,9.39,0.05,9.74,0.05,10.36,0.05,11.05,0.08,12.13,0.11,13.64,0.17,15.61,0.21,49,0.18,7.08
KAR-SET-040,area near Naumule,Naumule,Naumule,NP0661404,rural municipality,Dailekh,81.809773,28.908457,densest_building_cluster_nearest_name,unknown,1862f39e-5bea-465a-9d1a-6005486ecba5,r11020314@6,2628,1776,817,35,Lohare Nadi,147.0,147.0,True,571,210.4,Copernicus_DSM_COG_10_N28_00_E081_00_DEM,1972-12-17,2026-04-22,11,66,0.025,64.6,182,0.069,88.7,405,0.154,123.3,0.7,0.15,0.8,0.15,1.06,0.16,1.39,0.16,1.46,0.16,1.64,0.16,3.33,0.56,6.2,1.08,11.18,1.89,18.47,2.6,9,2.45,17.77
KAR-SET-041,serabada,serabada,Gurans,NP0661405,rural municipality,Dailekh,81.619044,28.759722,named_locality_max_buildings,hamlet,19f9c562-5d1d-4673-bed3-e4bb60db833b,n9687189656@1,1922,197,1254,471,Lohare Nadi,1446.0,1446.0,True,33,373.2,Copernicus_DSM_COG_10_N28_00_E081_00_DEM,1972-12-17,2026-03-03,11,7,0.004,36.8,9,0.005,43.6,11,0.006,57.1,5.14,0.01,5.47,0.01,5.93,0.01,6.51,0.01,7.13,0.01,8.1,0.02,9.01,0.02,10.4,0.03,12.2,0.04,14.74,0.07,61,0.06,9.6
KAR-SET-042,Belghari,Belghari,Dungeshwor,NP0661406,rural municipality,Dailekh,81.69048,28.801124,densest_building_cluster_nearest_name,hamlet,d79fa4c1-1ddb-47dc-af33-387b2bf3f34a,n9692813683@2,1820,1220,404,196,Lohare Nadi,306.0,306.0,True,185,143.1,Copernicus_DSM_COG_10_N28_00_E081_00_DEM,1972-12-17,2026-03-03,11,5,0.003,110.2,18,0.01,149.9,63,0.035,196.3,5.16,0.2,5.66,0.21,6.54,0.23,7.34,0.25,7.83,0.27,8.5,0.29,9.72,0.38,11.49,0.49,14.13,0.67,16.85,0.94,45,0.74,11.69
KAR-SET-043,Bestada,Bestada,Bhagawatimai,NP0661407,rural municipality,Dailekh,81.82554,28.787366,named_locality_max_buildings,town,6666a67d-3708-4784-a8d9-e28a425cacd8,n10062755155@4,1645,1359,224,62,Bestada Khola,134.0,134.0,True,333,232.1,Copernicus_DSM_COG_10_N28_00_E081_00_DEM,1972-12-17,2026-03-03,11,26,0.016,67.1,48,0.029,76.7,69,0.042,98.2,4.41,0.21,4.76,0.22,5.15,0.22,5.56,0.23,5.99,0.24,6.65,0.25,7.18,0.29,7.92,0.34,9.28,0.42,11.56,0.57,27,0.36,7.15
KAR-SET-044,Ranga,Ranga,Tripurasundari,NP0662301,urban municipality,Dolpa,82.762776,29.009041,named_locality_max_buildings,village,1c2f4a46-a6fe-45da-b282-05ee5be31ee1,n8261295645@1,492,360,113,19,Thuli Bheri Nadi,1105.0,1043.0,True,22,584.8,Copernicus_DSM_COG_10_N29_00_E082_00_DEM;Copernicus_DSM_COG_10_N28_00_E082_00_DEM,1972-11-28,2026-02-16,11,9,0.018,30.5,9,0.018,36.6,10,0.02,46.8,0.2,0.04,0.23,0.04,0.26,0.05,0.29,0.05,0.29,0.05,0.29,0.05,0.32,0.06,0.42,0.06,0.87,0.06,2.89,0.06,61,0.02,2.69
KAR-SET-045,Thuibheri,Thuibheri,Thulibheri,NP0662302,urban municipality,Dolpa,82.893491,28.951978,named_locality_max_buildings,town,d03f26b3-2c0e-43a0-8075-8ba87feb6d7d,n9220894174@1,1031,898,69,64,Thuli Bheri,146.0,138.0,True,743,6.1,Copernicus_DSM_COG_10_N28_00_E082_00_DEM,1972-11-28,2026-02-16,11,255,0.247,54.4,477,0.463,74.9,653,0.633,100.3,0.65,0.2,0.81,0.3,1.27,0.67,1.74,0.99,1.81,1.05,1.88,1.11,2.3,1.33,3.05,1.8,3.83,2.21,5.29,2.84,3,2.64,4.64
KAR-SET-046,Khoma,Khoma,Shey Phoksundo,NP0662401,rural municipality,Dolpa,83.137495,29.430468,named_locality_max_buildings,hamlet,e8ddad0d-3d05-4c6c-9bed-6734c90bbc6c,n5290153116@1,176,127,29,20,Koran Khola,1180.0,1180.0,True,43,227.6,Copernicus_DSM_COG_10_N29_00_E083_00_DEM,1972-12-17,2025-10-14,11,3,0.017,32.6,3,0.017,42.6,8,0.045,67.7,0.02,0.0,0.02,0.0,0.02,0.0,0.02,0.0,0.02,0.0,0.02,0.0,0.03,0.0,0.03,0.0,0.03,0.0,0.03,0.0,75,0.0,0.01
KAR-SET-047,Gairi Gaun,Gairi Gaun,Jagadulla,NP0662402,rural municipality,Dolpa,82.565791,29.128045,named_locality_max_buildings,village,160a8b97-b77f-40fc-b51f-fc3dde6552bd,n8306207198@1,671,636,23,12,Bheri Nadi,1208.0,819.0,True,3,336.0,Copernicus_DSM_COG_10_N29_00_E082_00_DEM,1972-12-17,2026-02-16,11,1,0.001,33.1,2,0.003,39.4,2,0.003,53.9,0.26,0.0,0.3,0.0,0.34,0.0,0.38,0.0,0.38,0.0,0.42,0.0,0.63,0.0,0.93,0.0,1.58,0.0,3.47,0.0,76,0.0,3.21
KAR-SET-048,Dho Tarap,Dho Tarap,Dolpo Buddha,NP0662403,rural municipality,Dolpa,83.186727,29.128466,named_locality_max_buildings,village,f475b836-47e4-44f0-b95b-de1933237bf9,n2494372092@6,321,305,9,7,Tarap Khola,145.0,145.0,True,266,7.4,Copernicus_DSM_COG_10_N29_00_E083_00_DEM,1972-12-16,2025-10-24,11,51,0.159,120.3,118,0.368,154.1,222,0.692,213.2,0.31,0.17,0.33,0.19,0.36,0.21,0.39,0.22,0.39,0.22,0.39,0.22,0.45,0.26,0.53,0.31,0.74,0.43,1.84,1.12,17,0.95,1.53
KAR-SET-049,Namuna Tole kalika,Namuna Tole kalika,Mudkechula,NP0662404,rural municipality,Dolpa,82.550319,29.019501,named_locality_max_buildings,hamlet,0237bd44-e234-4b5a-996d-8b228e915483,n8294369280@1,663,575,23,65,Jagadulla River,1254.0,1254.0,True,31,511.2,Copernicus_DSM_COG_10_N29_00_E082_00_DEM;Copernicus_DSM_COG_10_N28_00_E082_00_DEM,1972-12-17,2026-02-16,11,1,0.002,28.3,2,0.003,32.3,2,0.003,41.8,0.49,0.03,0.55,0.03,0.64,0.03,0.71,0.04,1.05,0.04,1.45,0.04,1.7,0.05,1.99,0.05,2.37,0.05,3.13,0.05,76,0.02,2.64
KAR-SET-050,Kola,Kola,Kaike,NP0662405,rural municipality,Dolpa,83.02931,28.878161,named_locality_max_buildings,hamlet,8c082ec9-a833-47e8-a132-6e7858a1d981,n3584439309@3,145,108,21,16,Bharbun Khola,2090.0,860.0,True,15,269.0,Copernicus_DSM_COG_10_N28_00_E083_00_DEM;Copernicus_DSM_COG_10_N28_00_E082_00_DEM,1972-12-16,2026-01-17,11,3,0.021,39.0,4,0.028,43.2,4,0.028,52.9,0.07,0.0,0.09,0.0,0.1,0.0,0.12,0.0,0.12,0.0,0.12,0.0,0.13,0.0,0.15,0.0,0.24,0.0,0.58,0.0,71,0.0,0.51
KAR-SET-051,Chharka Bhot,Chharka Bhot,Chharka Tangsong,NP0662406,rural municipality,Dolpa,83.4154,29.089887,named_locality_max_buildings,village,c374411f-696b-4f5d-b8dd-332e56aa1c6b,n3633999023@6,137,103,19,15,Chyanjun Khola,114.0,114.0,True,87,18.5,Copernicus_DSM_COG_10_N29_00_E083_00_DEM,1972-12-16,2025-10-24,11,15,0.109,63.7,27,0.197,84.9,38,0.277,122.0,0.17,0.03,0.19,0.03,0.2,0.03,0.22,0.04,0.22,0.04,0.22,0.04,0.23,0.04,0.25,0.04,0.26,0.05,0.27,0.05,34,0.02,0.1
KAR-SET-052,Chandannath,चन्दननाथ,Chandannath,NP0663301,urban municipality,Jumla,82.18327,29.274949,named_locality_max_buildings,town,4a73e9ff-c339-4087-8db9-e43a48b1e278,n8157956930@10,4484,3381,987,116,jugad khola,106.0,448.0,True,853,38.6,Copernicus_DSM_COG_10_N29_00_E082_00_DEM,1972-11-11,2026-02-16,11,299,0.067,49.9,489,0.109,85.6,721,0.161,153.2,1.59,0.04,2.06,0.09,2.77,0.22,3.69,0.43,4.89,1.03,6.67,1.87,13.28,3.43,23.89,5.54,36.09,7.64,44.42,8.62,2,8.58,42.83
KAR-SET-053,sumal gaun,sumal gaun,Kanaka Sundari,NP0663401,rural municipality,Jumla,81.990018,29.390441,named_locality_max_buildings,village,db233830-1e7e-4a0e-a66a-123b1982d85d,n11947018556@1,1365,1042,302,21,Tali Gad,242.0,242.0,True,77,57.7,Copernicus_DSM_COG_10_N29_00_E082_00_DEM;Copernicus_DSM_COG_10_N29_00_E081_00_DEM,1972-11-11,2026-04-22,11,13,0.01,50.1,25,0.018,89.7,55,0.04,123.8,0.7,0.02,0.83,0.03,0.96,0.03,1.09,0.03,1.1,0.03,1.1,0.04,1.33,0.09,1.83,0.15,2.75,0.23,5.01,0.4,36,0.38,4.31
KAR-SET-054,Gora,Gora,Sinja,NP0663402,rural municipality,Jumla,82.006536,29.316347,named_locality_max_buildings,village,9a2ed945-52fc-4b8a-b894-946764ab4053,n10739648242@1,519,363,128,28,Tali Gad,2191.0,2191.0,True,92,196.7,Copernicus_DSM_COG_10_N29_00_E082_00_DEM;Copernicus_DSM_COG_10_N29_00_E081_00_DEM,1972-11-11,2026-04-22,11,4,0.008,26.9,12,0.023,35.9,30,0.058,50.8,0.81,0.08,0.93,0.09,1.07,0.1,1.2,0.11,1.22,0.12,1.24,0.12,1.41,0.13,1.67,0.13,2.24,0.18,3.0,0.19,53,0.11,2.19
KAR-SET-055,Luma,Luma,Patarasi,NP0663403,rural municipality,Jumla,82.302905,29.308854,named_locality_max_buildings,village,7bf3be7d-342c-448e-a67a-fcfe2271de42,n8169459384@1,929,698,174,57,Chaudhabise Khola,147.0,147.0,True,545,20.3,Copernicus_DSM_COG_10_N29_00_E082_00_DEM,1972-11-11,2026-02-16,11,36,0.039,53.7,96,0.103,83.2,246,0.265,123.2,0.33,0.17,0.38,0.19,0.43,0.22,0.49,0.25,0.5,0.25,0.5,0.26,1.04,0.45,1.84,0.76,3.22,1.26,6.1,1.95,19,1.78,5.77
KAR-SET-056,area near Baghbazar,Baghbazar,Hima,NP0663404,rural municipality,Jumla,81.897599,29.218467,densest_building_cluster_nearest_name,hamlet,d9a39f83-5395-488c-a740-3d2fe2da1308,w623780696@2,1050,633,363,54,Tali Gad,1419.0,566.0,True,88,303.3,Copernicus_DSM_COG_10_N29_00_E081_00_DEM,1972-12-17,2026-04-22,11,20,0.019,35.2,26,0.025,40.2,54,0.051,53.5,0.52,0.06,0.61,0.07,0.7,0.09,0.81,0.1,0.82,0.11,0.83,0.11,1.12,0.11,1.59,0.12,2.45,0.12,4.31,0.15,35,0.09,3.79
KAR-SET-057,Rara Gaun,Rara Gaun,Tila,NP0663405,rural municipality,Jumla,81.943837,29.226523,named_locality_max_buildings,village,e056a8b6-fd6b-4039-bd81-8fc22fe9082e,n8158062178@1,1060,437,488,135,Tila Nadi,450.0,450.0,True,211,183.5,Copernicus_DSM_COG_10_N29_00_E081_00_DEM,1972-12-17,2026-04-22,11,23,0.022,39.0,39,0.037,49.1,96,0.091,70.3,1.28,0.17,1.59,0.2,1.92,0.24,2.24,0.28,2.27,0.28,2.31,0.28,2.4,0.29,2.58,0.33,2.97,0.35,3.61,0.37,29,0.2,2.33
KAR-SET-058,Litākot,Litākot,Tatopani,NP0663406,rural municipality,Jumla,82.047688,29.231775,named_locality_max_buildings,village,c619e38a-8df4-45fc-8486-3aafac6de747,n2985974470@3,1261,924,202,135,Tila Nadi,304.0,304.0,True,212,43.5,Copernicus_DSM_COG_10_N29_00_E082_00_DEM,1972-12-17,2026-04-22,11,22,0.017,47.4,46,0.036,95.1,76,0.06,125.5,0.66,0.13,0.78,0.15,0.92,0.18,1.05,0.21,1.08,0.21,1.12,0.21,1.55,0.28,2.44,0.58,3.97,0.85,6.32,1.12,28,0.99,5.66
KAR-SET-059,Garjyankot,Garjyankot,Guthichaur,NP0663407,rural municipality,Jumla,82.256449,29.253514,named_locality_max_buildings,village,fd78dc22-d035-422b-b7aa-daaa8f69df1b,n8157944391@1,1299,1049,228,22,Tila Nadi,450.0,450.0,True,174,73.0,Copernicus_DSM_COG_10_N29_00_E082_00_DEM,1972-11-11,2026-02-16,11,35,0.027,58.1,62,0.048,87.5,126,0.097,121.6,0.37,0.04,0.43,0.04,0.49,0.05,0.55,0.05,0.61,0.05,0.76,0.05,1.28,0.08,2.82,0.25,5.25,0.53,8.29,0.95,24,0.91,7.92
KAR-SET-060,Gorkhali,Gorkhali,Raskot,NP0664301,urban municipality,Kalikot,81.633374,29.238407,named_locality_max_buildings,village,4815f458-a5ff-4c3c-b5dc-2158b4768e3c,n8308303657@2,2888,2101,762,25,कर्णाली,2140.0,2116.0,True,157,400.6,Copernicus_DSM_COG_10_N29_00_E081_00_DEM,1972-11-30,2026-04-22,11,14,0.005,51.2,30,0.01,57.4,53,0.018,76.8,4.09,0.07,4.42,0.08,5.08,0.09,5.8,0.1,6.24,0.1,7.12,0.11,8.65,0.11,11.27,0.13,15.05,0.15,20.56,0.23,33,0.16,16.47
KAR-SET-061,Manma,Manma,Khandachakra,NP0664302,urban municipality,Kalikot,81.612609,29.150365,named_locality_max_buildings,town,8c60590e-5db7-4c76-8024-b03f7ef8a18f,n8309132733@7,2508,1992,470,46,कर्णाली,1666.0,1632.0,True,99,572.2,Copernicus_DSM_COG_10_N29_00_E081_00_DEM,1972-11-30,2026-04-22,11,5,0.002,35.9,5,0.002,36.8,12,0.005,41.8,5.23,0.01,5.36,0.01,5.51,0.01,5.66,0.01,5.83,0.01,6.01,0.01,7.96,0.02,10.93,0.04,16.07,0.08,22.61,0.14,70,0.13,17.38
KAR-SET-062,Chhapre,Chhapre,Tilagupha,NP0664303,urban municipality,Kalikot,81.784488,29.154472,named_locality_max_buildings,village,6cfc8ff9-85bc-4b05-9d7a-48cdc5b2b881,n8310811297@2,1294,762,455,77,Tila Nadi,1006.0,986.0,True,277,235.6,Copernicus_DSM_COG_10_N29_00_E081_00_DEM,1972-12-17,2026-04-22,11,19,0.015,77.0,24,0.019,79.8,41,0.032,96.2,0.29,0.11,0.34,0.12,0.38,0.13,0.42,0.14,0.48,0.14,0.62,0.15,1.17,0.21,2.11,0.26,3.77,0.36,6.12,0.51,39,0.4,5.83
KAR-SET-063,Shreekot,Shreekot,Naraharinath,NP0664401,rural municipality,Kalikot,81.547726,29.160393,named_locality_max_buildings,village,a94e5606-8ad3-46df-abe2-cd7283f1b169,n8314394190@1,2339,1913,259,167,कर्णाली,3572.0,1231.0,True,54,398.1,Copernicus_DSM_COG_10_N29_00_E081_00_DEM,1972-11-30,2026-04-22,11,9,0.004,47.1,20,0.009,56.3,24,0.01,71.4,0.69,0.0,1.41,0.0,3.08,0.0,5.46,0.0,5.53,0.0,5.72,0.0,6.83,0.0,8.62,0.01,11.1,0.05,14.57,0.09,44,0.09,13.88
KAR-SET-064,Mehalmudi,Mehalmudi,Sanni Tribeni,NP0664402,rural municipality,Kalikot,81.604798,29.243312,named_locality_max_buildings,village,0abfa368-f79f-4047-bbc7-dd1364fd5eb4,n8373979618@1,2281,1638,605,38,कर्णाली,4043.0,4005.0,True,179,335.0,Copernicus_DSM_COG_10_N29_00_E081_00_DEM,1972-11-30,2026-04-22,11,18,0.008,53.9,22,0.01,60.8,41,0.018,80.8,1.02,0.0,1.04,0.0,1.07,0.0,1.17,0.0,1.22,0.0,1.36,0.0,2.88,0.02,5.76,0.09,9.75,0.18,16.06,0.35,41,0.35,15.04
KAR-SET-065,Bajhkot,Bajhkot,Pachal Jharana,NP0664403,rural municipality,Kalikot,81.764894,29.279627,named_locality_max_buildings,hamlet,cd4628fc-617d-47d4-898d-732819505ad2,n8320369260@1,787,537,242,8,Bam Gad,973.0,2231.0,True,39,473.3,Copernicus_DSM_COG_10_N29_00_E081_00_DEM,1972-12-17,2026-04-22,11,7,0.009,34.6,11,0.014,38.1,16,0.02,45.3,0.22,0.0,0.29,0.0,0.35,0.0,0.42,0.01,0.48,0.01,0.58,0.01,0.84,0.01,1.53,0.01,2.4,0.01,3.68,0.02,56,0.02,3.46
KAR-SET-066,Larpha,Larpha,Palata,NP0664404,rural municipality,Kalikot,81.775296,29.344224,named_locality_max_buildings,village,c80aba5b-aee3-4f71-87fe-9c77daf41108,n10814469117@1,1352,922,389,41,Dori Khola,1014.0,1014.0,True,86,373.4,Copernicus_DSM_COG_10_N29_00_E081_00_DEM,1973-02-09,2026-04-22,11,4,0.003,36.6,6,0.004,41.6,14,0.01,56.2,0.62,0.01,0.67,0.01,0.8,0.01,0.9,0.01,0.93,0.02,1.01,0.03,1.41,0.04,2.59,0.06,4.17,0.08,6.53,0.11,65,0.1,5.91
KAR-SET-067,Balachaur,Balachaur,Shuva Kalika,NP0664405,rural municipality,Kalikot,81.589132,29.100066,named_locality_max_buildings,village,e004e751-9f97-4913-87f8-dd275118da9b,n8340636319@1,1465,1155,286,24,Tila Nadi,3172.0,3160.0,True,147,330.6,Copernicus_DSM_COG_10_N29_00_E081_00_DEM,1972-11-30,2026-04-22,11,5,0.003,29.1,6,0.004,31.6,18,0.012,42.8,0.56,0.0,0.62,0.0,0.68,0.0,0.76,0.0,0.81,0.0,0.86,0.0,1.52,0.01,2.88,0.06,5.22,0.11,8.44,0.2,65,0.2,7.88
KAR-SET-068,Dillikot,Dillikot,Mahawai,NP0664406,rural municipality,Kalikot,81.752522,29.063999,named_locality_max_buildings,village,87404641-8fc3-4673-8a9c-cfc7acf94fb5,n3492562141@2,994,620,311,63,Jhyagada khola,1663.0,711.0,True,35,178.7,Copernicus_DSM_COG_10_N29_00_E081_00_DEM,1972-12-17,2026-04-22,11,12,0.012,49.9,13,0.013,56.2,15,0.015,77.2,1.59,0.0,1.69,0.01,1.8,0.01,1.92,0.01,2.12,0.01,2.34,0.01,2.82,0.01,3.5,0.02,4.45,0.02,5.46,0.03,51,0.03,3.87
KAR-SET-069,Thini,Thini,Chhayanath Rara,NP0665301,urban municipality,Mugu,82.156497,29.551065,named_locality_max_buildings,village,72bda777-5cca-4afa-9111-1bc61b5288e5,n7942467952@1,1944,1702,125,117,Mugu karnali Nadi,734.0,692.0,True,36,267.3,Copernicus_DSM_COG_10_N29_00_E082_00_DEM,1972-11-11,2026-02-16,11,4,0.002,43.8,13,0.007,53.1,20,0.01,67.8,0.94,0.04,1.03,0.05,1.12,0.05,1.21,0.05,1.21,0.05,1.29,0.05,1.85,0.06,3.28,0.06,5.68,0.06,7.86,0.07,51,0.03,6.92
KAR-SET-070,Ratapaani,Ratapaani,Khatyad,NP0665401,rural municipality,Mugu,81.832773,29.516361,named_locality_max_buildings,village,1c68ea7d-dc45-43f0-a6b4-42299c1077ce,n7942316761@1,1079,702,287,90,Lyachudi Khola,231.0,231.0,True,81,430.4,Copernicus_DSM_COG_10_N29_00_E081_00_DEM,1972-11-11,2026-04-22,11,5,0.005,35.4,12,0.011,47.7,23,0.021,62.2,1.43,0.11,1.49,0.11,1.55,0.12,1.61,0.12,1.78,0.13,2.12,0.16,2.46,0.17,3.11,0.19,4.02,0.22,5.85,0.27,53,0.16,4.42
KAR-SET-071,Dalit bada,Dalit bada,Soru,NP0665402,rural municipality,Mugu,81.882662,29.62595,named_locality_max_buildings,village,ec79596d-f7e2-46be-acb2-10e045ec5732,n7944282874@1,457,369,49,39,Mugu karnali Nadi,1376.0,1356.0,True,43,427.6,Copernicus_DSM_COG_10_N29_00_E081_00_DEM,1972-11-11,2026-04-22,11,8,0.018,77.1,10,0.022,85.0,11,0.024,102.4,1.12,0.02,1.29,0.03,1.45,0.03,1.62,0.04,1.63,0.04,1.64,0.04,1.81,0.04,1.99,0.04,2.24,0.04,2.77,0.04,58,0.02,1.65
KAR-SET-072,Maha Gaau,Maha Gaau,Mugumakarmarog,NP0665403,rural municipality,Mugu,82.308392,29.598217,named_locality_max_buildings,village,9db33285-8372-431e-a825-a694fc551ebf,n7244771015@1,495,405,42,48,Mugu Karnali Nadi,631.0,631.0,True,22,444.2,Copernicus_DSM_COG_10_N29_00_E082_00_DEM,1972-11-11,2026-02-16,11,11,0.022,32.5,14,0.028,39.1,19,0.038,51.6,0.23,0.0,0.25,0.0,0.27,0.0,0.29,0.0,0.3,0.0,0.3,0.0,0.42,0.0,0.57,0.0,0.7,0.0,0.85,0.0,50,0.0,0.62
KAR-SET-073,Syakarpu,Syakarpu,Namkha,NP0666401,rural municipality,Humla,81.619399,30.060704,named_locality_max_buildings,village,11fc2c17-2e72-46b7-8abd-f935c4419077,n2190894824@3,354,184,140,30,कर्णाली,411.0,393.0,True,18,177.4,Copernicus_DSM_COG_10_N30_00_E081_00_DEM,1972-11-11,2026-01-12,11,4,0.011,50.2,4,0.011,60.1,6,0.017,79.1,0.51,0.0,0.59,0.0,0.68,0.0,0.77,0.0,0.77,0.0,0.77,0.0,0.8,0.0,0.95,0.01,1.36,0.01,2.31,0.01,71,0.01,1.8
KAR-SET-074,Simikot,सिमिकोट,Simkot,NP0666402,rural municipality,Humla,81.82016,29.972864,named_locality_max_buildings,town,23eb1476-05a5-4f70-872e-d9ccecad866c,n3385201652@12,1187,864,242,81,कर्णाली,1645.0,668.0,True,42,717.7,Copernicus_DSM_COG_10_N29_00_E081_00_DEM,1972-11-11,2026-01-12,11,1,0.001,37.9,4,0.003,42.2,6,0.005,51.7,2.65,0.03,2.78,0.03,2.91,0.03,3.04,0.03,3.09,0.03,3.16,0.03,4.61,0.03,7.09,0.03,9.02,0.03,10.83,0.04,71,0.01,8.18
KAR-SET-075,Mathlo Thali,Mathlo Thali,Kharpunath,NP0666403,rural municipality,Humla,81.874535,29.849594,named_locality_max_buildings,hamlet,a7f5abb9-7e62-48aa-802b-b938b9c5ac59,n10814104098@1,658,321,319,18,कर्णाली,947.0,928.0,True,55,415.6,Copernicus_DSM_COG_10_N29_00_E081_00_DEM,1972-11-11,2026-01-12,11,7,0.011,52.8,10,0.015,56.2,15,0.023,63.7,0.23,0.01,0.24,0.01,0.26,0.02,0.31,0.02,0.43,0.02,0.56,0.02,0.78,0.02,1.13,0.02,1.59,0.03,2.45,0.03,58,0.02,2.22
KAR-SET-076,Bhitagaun Jaira,Bhitagaun Jaira,Sarkegad,NP0666404,rural municipality,Humla,81.983646,29.720272,named_locality_max_buildings,village,5ca3e177-b8db-4c6c-b2ba-16e7c5349e3f,w432385494@4,632,485,73,74,Karnali,1548.0,1526.0,True,60,657.3,Copernicus_DSM_COG_10_N29_00_E082_00_DEM;Copernicus_DSM_COG_10_N29_00_E081_00_DEM,1972-11-11,2026-04-22,11,2,0.003,63.7,2,0.003,64.6,5,0.008,73.2,0.16,0.0,0.17,0.0,0.19,0.0,0.21,0.0,0.21,0.0,0.21,0.0,0.33,0.0,0.72,0.0,1.57,0.03,2.88,0.05,76,0.05,2.72
KAR-SET-077,Byaphu,Byaphu,Chankheli,NP0666405,rural municipality,Humla,82.077602,29.732567,named_locality_max_buildings,hamlet,236794b5-dfe0-48a1-b20e-d7800a2e661b,n7027681956@2,1119,680,370,69,Rauli Khola,1286.0,1939.0,True,13,502.7,Copernicus_DSM_COG_10_N29_00_E082_00_DEM,1972-11-11,2026-04-22,11,2,0.002,31.1,2,0.002,37.4,2,0.002,49.3,0.54,0.01,0.63,0.01,0.72,0.01,0.81,0.01,0.82,0.01,0.83,0.01,0.84,0.01,0.89,0.01,0.97,0.01,1.24,0.01,76,0.0,0.7
KAR-SET-078,Kolibada,Kolibada,Tanjakot,NP0666406,rural municipality,Humla,81.752051,29.637849,named_locality_max_buildings,hamlet,df444228-c87c-4116-b95a-bbaf1a4c0385,n10725172945@1,873,575,195,103,Palma Khola,1679.0,3269.0,True,57,318.3,Copernicus_DSM_COG_10_N29_00_E081_00_DEM,1972-11-11,2026-04-22,11,4,0.005,20.9,4,0.005,25.0,8,0.009,31.9,1.06,0.02,1.16,0.02,1.26,0.02,1.37,0.02,1.45,0.02,1.63,0.02,2.06,0.03,2.81,0.04,3.88,0.05,5.19,0.06,71,0.04,4.13
KAR-SET-079,Shreenagar,Shreenagar,Adanchuli,NP0666407,rural municipality,Humla,81.863622,29.658131,named_locality_max_buildings,village,0c567dc4-a013-41cd-ba85-049c4cbc498a,n5985153818@4,864,758,78,28,Galpha Gad,1152.0,1574.0,True,163,568.3,Copernicus_DSM_COG_10_N29_00_E081_00_DEM,1972-11-11,2026-04-22,11,17,0.02,67.8,25,0.029,75.8,35,0.041,91.7,1.41,0.12,1.48,0.14,1.55,0.16,1.62,0.18,1.68,0.19,1.75,0.19,2.37,0.22,3.57,0.25,5.03,0.3,6.55,0.33,36,0.21,5.14
